epoch,loss,pixel_acc,miou
0,1.5474526,0.40686926,0.016217047
1,1.1433539,0.46018454,0.03200256
2,0.9794528,0.4244084,0.032233644
3,0.9094297,0.5329006,0.075493544
4,0.8336728,0.6011229,0.104622476
5,0.7921083,0.71436036,0.13793708
6,0.7326012,0.7785978,0.17747688
7,0.7224901,0.7874881,0.19390438
8,0.6965779,0.7837122,0.1911691
9,0.66812605,0.74354726,0.18063493
10,0.6566053,0.7384847,0.17227532
11,0.6265645,0.7838974,0.2118638
12,0.6239632,0.5478699,0.11689871
13,0.6179127,0.7969612,0.21256687
14,0.59197354,0.80305487,0.21513298
15,0.5780111,0.81904626,0.23980908
16,0.55729926,0.7997323,0.21314746
17,0.548225,0.8025402,0.21481314
18,0.5551385,0.807009,0.24338351
19,0.5435575,0.814129,0.26725653
20,0.5322147,0.8027243,0.23834023
21,0.5301126,0.7836366,0.212041
22,0.5281185,0.8079636,0.2278915
23,0.5219945,0.72343403,0.21151641
24,0.5184555,0.8151875,0.2631826
25,0.507516,0.821788,0.2542835
26,0.50585526,0.81783485,0.25932756
27,0.496558,0.82957757,0.27954543
28,0.48536214,0.80644685,0.22669354
29,0.48676616,0.8468042,0.2758301
30,0.46912372,0.7987173,0.24797863
31,0.47568563,0.8342764,0.29675683
32,0.4832653,0.8363552,0.29654688
33,0.47169864,0.84330773,0.28058958
34,0.46544316,0.81277126,0.24857219
35,0.46593955,0.8347644,0.31069648
36,0.4560015,0.83208495,0.29987165
37,0.45185322,0.8278535,0.2532826
38,0.46027806,0.8424855,0.2686538
39,0.45317176,0.8183419,0.2667126
40,0.44695643,0.8279125,0.29647315
41,0.4505743,0.80317986,0.2610324
42,0.43374863,0.8357235,0.31025967
43,0.43097326,0.8448467,0.2984112
44,0.43125215,0.84631807,0.3118612
45,0.42777804,0.8172748,0.28380325
46,0.435474,0.8418211,0.30951616
47,0.42486495,0.8442903,0.3067999
48,0.43303058,0.83021146,0.29443842
49,0.4229371,0.84338844,0.26897207
50,0.44253463,0.7444961,0.20904091
51,0.43440008,0.7600548,0.24251288
52,0.4297325,0.7782197,0.23100954
53,0.42989865,0.7820663,0.24266091
54,0.42180878,0.7939283,0.2686226
55,0.41945615,0.7877745,0.25767696
56,0.41401297,0.80914265,0.26885247
57,0.4146712,0.7857484,0.24889559
58,0.40556854,0.78528976,0.23612641
59,0.41016778,0.78687406,0.25582194
60,0.4093582,0.7837342,0.25312525
61,0.39875475,0.78890073,0.256009
62,0.39362183,0.80147946,0.2740464
63,0.40059018,0.7958207,0.24594238
64,0.39400807,0.8080932,0.27156675
65,0.3973679,0.7790992,0.24165264
66,0.38594303,0.8085209,0.26483193
67,0.37927675,0.79181236,0.24942328
68,0.38084602,0.77677023,0.23317674
69,0.37836727,0.7949847,0.250911
70,0.38666233,0.8056468,0.2910465
71,0.3793293,0.80752754,0.28147018
72,0.37635913,0.8071457,0.25961894
73,0.36446413,0.8001664,0.25538406
74,0.37417123,0.80193114,0.27025977
75,0.36625853,0.8107835,0.2704334
76,0.3710013,0.80025953,0.29443082
77,0.36861324,0.8070814,0.26062205
78,0.36079952,0.7856697,0.26465645
79,0.357297,0.818041,0.2964533
80,0.36356935,0.8079928,0.2831958
81,0.35381442,0.8077152,0.2788169
82,0.3622692,0.82830113,0.3123544
83,0.35950127,0.7931258,0.257734
84,0.35665348,0.7871795,0.27033126
85,0.35445085,0.8148431,0.30091506
86,0.35018995,0.77422816,0.25397474
87,0.34424916,0.82178944,0.30442598
88,0.3508534,0.8131594,0.28834614
89,0.34673008,0.819324,0.30328393
90,0.3417483,0.8232231,0.29680258
91,0.35064045,0.80016637,0.28293326
92,0.3458449,0.8231781,0.29377377
93,0.33845297,0.80273,0.26569906
94,0.3361346,0.81294996,0.30096027
95,0.33002856,0.81558084,0.30327106
96,0.33449766,0.8130523,0.27982658
97,0.33381882,0.8153299,0.3057269
90,0.334152,0.8206738,0.3048769
90,0.33599314,0.8180343,0.30425838
91,0.3300505,0.81949717,0.31306466
92,0.3283613,0.8240195,0.31237468
93,0.3221632,0.82221943,0.3057877
94,0.3296709,0.82033056,0.29333496
95,0.32849455,0.8209914,0.30419806
96,0.323286,0.8210617,0.3150909
97,0.32317156,0.8236833,0.30918473
98,0.32072452,0.82418704,0.3127247
99,0.3228773,0.82538253,0.3219596
100,0.31692988,0.824273,0.31952676
101,0.3196066,0.8177907,0.31609
102,0.3176238,0.82549304,0.3119176
103,0.31522423,0.82557416,0.31770602
104,0.31800693,0.8190558,0.30762696
105,0.30952325,0.82110757,0.31137103
106,0.31528836,0.82591355,0.31692252
107,0.3105919,0.8227145,0.31669754
108,0.30949903,0.82372457,0.30785593
109,0.31679,0.82966095,0.31861427
110,0.31084666,0.82665485,0.3183389
110,0.36948997,0.7680572,0.2374178
111,0.36778593,0.7835113,0.26087964
112,0.37072328,0.7780422,0.25053737
113,0.3557866,0.81592816,0.3096033
114,0.35384777,0.8008741,0.28804335
115,0.35501045,0.81104165,0.28408918
116,0.34833047,0.8222864,0.29192996
117,0.33343753,0.8085385,0.28384015
110,0.31150353,0.8309451,0.32049137
111,0.3150029,0.8249974,0.29991585
112,0.31017894,0.82600564,0.3144714
113,0.30625036,0.82389873,0.31549037
114,0.30521253,0.82874554,0.32076204
115,0.31449562,0.8270428,0.3216376
116,0.30626777,0.8275268,0.31859043
117,0.30592045,0.82559353,0.31648088
118,0.30772537,0.82502747,0.31468564
119,0.3038141,0.82501346,0.31129175
120,0.3080644,0.82748324,0.3203899
121,0.30812362,0.825584,0.326607
122,0.30486265,0.82475424,0.3269812
123,0.3075146,0.8235698,0.3164967
124,0.3075379,0.8264089,0.31094703
125,0.30286372,0.8262521,0.3180646
126,0.30408937,0.82809436,0.32290438
127,0.30504188,0.82699275,0.31484094
128,0.31033456,0.82418066,0.32367906
129,0.3046388,0.8267068,0.32468292
130,0.30487952,0.82811713,0.3185556
131,0.30586505,0.8270938,0.32927537
132,0.3062116,0.8261543,0.32556334
133,0.29978105,0.8284994,0.32316607
134,0.30274707,0.82811177,0.33670297
135,0.302769,0.8274487,0.3111741
136,0.2991405,0.82670003,0.31952116
137,0.30003455,0.82765204,0.31721884
138,0.30419302,0.8276833,0.32983467
139,0.30067253,0.82638586,0.3214881
140,0.3000906,0.8263727,0.31215823
141,0.29925755,0.82712394,0.32583168
142,0.30381957,0.82802254,0.32757068
143,0.3008314,0.8279553,0.3229583
144,0.30117106,0.8278467,0.31720546
145,0.2966535,0.8279401,0.32503766
146,0.3020648,0.82829064,0.31762877
147,0.30098414,0.8291715,0.32112023
148,0.29964644,0.8284966,0.3162734
149,0.29742414,0.8281233,0.32738972
150,0.29982513,0.8270757,0.3349607
151,0.30279395,0.82716566,0.31889912
152,0.30381483,0.82850707,0.32443565
153,0.2999097,0.8283199,0.31744525
154,0.29824367,0.8286223,0.32680213
155,0.2950917,0.8276766,0.31378934
156,0.30221853,0.82768655,0.31397203
157,0.30205554,0.82713246,0.31684494
158,0.3030447,0.82706535,0.31821087
159,0.29783309,0.8263657,0.31198958
160,0.30307892,0.82668024,0.31968915
161,0.3014403,0.8254096,0.31789535
162,0.29946664,0.8266939,0.32236916
163,0.29811838,0.8277706,0.31452087
164,0.3009551,0.82730585,0.32369742
165,0.29979566,0.82716125,0.3214743
166,0.29891685,0.82429254,0.3295424
167,0.3008834,0.8276879,0.32991004
168,0.30011943,0.8283477,0.334829
169,0.3017353,0.8268596,0.3200871
170,0.30103654,0.82776576,0.31921187
171,0.29945478,0.8283655,0.32322833
172,0.2996081,0.8283311,0.32836655
173,0.3026192,0.8281102,0.31859782
174,0.29603788,0.8274556,0.3382272
175,0.30059785,0.82714945,0.32208154
176,0.3017501,0.8269387,0.30756924
177,0.3009603,0.82825154,0.3182987
178,0.29568163,0.8277422,0.31473157
179,0.29790872,0.826257,0.31309262
180,0.29939097,0.8281448,0.32192206
181,0.30139905,0.8278848,0.30803102
182,0.3041234,0.82692176,0.31734413
183,0.29684812,0.82752424,0.31720817
184,0.29736605,0.8271641,0.32459044
110,0.31035507,0.82929105,0.3180528
111,0.3092841,0.8293493,0.3206823
112,0.30839616,0.82681376,0.3074518
113,0.30740434,0.82682335,0.32185242
114,0.3061669,0.8256275,0.32194543
115,0.30869985,0.8270582,0.3215084
116,0.31273106,0.8281632,0.3223835
117,0.30843103,0.82738334,0.3228868
118,0.3074661,0.8279872,0.32261372
119,0.3112873,0.82759404,0.31351918
120,0.30850095,0.82827884,0.32352725
121,0.31332442,0.8278213,0.31909692
122,0.3116392,0.8276669,0.31413925
123,0.31271666,0.8277166,0.32337582
124,0.31049013,0.82821125,0.332477
125,0.30603135,0.8275695,0.3065249
126,0.30696267,0.82775205,0.325898
127,0.30808914,0.8283962,0.31577104
128,0.30684048,0.82827806,0.31150904
129,0.30645126,0.82798654,0.3154039
130,0.31151968,0.82707804,0.3132071
131,0.30727422,0.82844096,0.3216332
132,0.31219342,0.82851666,0.31939152
133,0.30850908,0.82762057,0.32342762
134,0.30943686,0.8272405,0.3137347
135,0.3109708,0.82655925,0.31599677
136,0.30243605,0.82766175,0.3100359
137,0.30652696,0.8272128,0.31360567
138,0.30706912,0.8268094,0.3239832
110,0.3163368,0.8302673,0.3212258
110,0.31277877,0.82935977,0.32469535
111,0.30682972,0.8283201,0.3187901
112,0.3088317,0.82895494,0.30999488
113,0.31329647,0.8285039,0.31735727
114,0.3100168,0.82894313,0.3175011
115,0.31378955,0.8282699,0.31505015
116,0.309886,0.8286731,0.31653675
117,0.31147248,0.82839084,0.3229696
118,0.30712053,0.82842785,0.31946552
119,0.31194374,0.82920647,0.31985658
120,0.31005678,0.82900155,0.3067397
121,0.31180915,0.829459,0.31499755
122,0.31148505,0.82803535,0.32016253
123,0.3095633,0.82921654,0.32589817
124,0.30916098,0.82968813,0.30775028
125,0.3141188,0.82911295,0.31705168
126,0.31568724,0.8298209,0.31631306
127,0.3098486,0.8289815,0.3035013
128,0.30956277,0.8274143,0.30313388
129,0.31742185,0.8289744,0.31393653
130,0.31240565,0.8302423,0.31872028
131,0.30867577,0.8289831,0.32659462
132,0.31359226,0.82815146,0.32311827
133,0.31065947,0.8291528,0.31304848
134,0.30918187,0.8277834,0.31328464
135,0.31227696,0.82893777,0.31181458
136,0.3180329,0.83042204,0.31879497
137,0.31259382,0.82854,0.30814707
138,0.30934286,0.8286099,0.31218928
139,0.30950457,0.8291343,0.31576276
140,0.30696002,0.82828456,0.3118523
141,0.3040804,0.82842284,0.30866548
142,0.3083969,0.8296001,0.3262613
143,0.31222618,0.8284532,0.31283492
144,0.30949453,0.8310295,0.3197839
145,0.31547517,0.8285541,0.33395308
146,0.30956864,0.82881594,0.32016307
147,0.31021625,0.8276372,0.3190863
148,0.31243157,0.8277175,0.3292499
149,0.31082863,0.8286466,0.32260203
150,0.31042537,0.8287187,0.32038152
151,0.3143854,0.8294891,0.32402405
152,0.3093132,0.8286146,0.31795734
153,0.3099405,0.8290578,0.3207216
154,0.30683768,0.8292655,0.32267144
155,0.31204826,0.8297216,0.309557
156,0.3129048,0.8279214,0.3255053
157,0.30798203,0.827791,0.32487184
158,0.31282043,0.82971156,0.31437945
159,0.3116863,0.8302789,0.32631695
160,0.31215122,0.82887894,0.3139845
161,0.31490833,0.8284212,0.31503987
162,0.31017107,0.82840675,0.3107994
163,0.31223384,0.8284491,0.32119402
0,1.5388463,0.32944065,0.010160979
1,1.1707165,0.40832025,0.022876246
2,1.0711598,0.6238551,0.07964691
3,0.99817073,0.69759953,0.118684374
4,0.9568125,0.68108714,0.12451428
5,0.9173287,0.68164027,0.123416714
6,0.90198463,0.7040514,0.13161258
7,0.8753301,0.7037436,0.12964514
8,0.8635234,0.71147513,0.13906196
9,0.841637,0.7121174,0.13993393
10,0.833078,0.7181306,0.14104691
11,0.81391543,0.7044967,0.13372652
12,0.80831003,0.7151472,0.1389929
13,0.8007415,0.71936727,0.14038908
14,0.79736906,0.72240776,0.14335665
15,0.7803046,0.7217496,0.15069844
16,0.7842127,0.72589195,0.1465256
17,0.774664,0.7195049,0.14960808
18,0.76898277,0.7288547,0.14935373
19,0.7663851,0.727855,0.14893305
20,0.7416264,0.7289662,0.15283237
21,0.7518618,0.7330451,0.1509465
22,0.7453099,0.72832334,0.15502603
23,0.7405463,0.7218094,0.14390251
24,0.73215425,0.72613126,0.15089409
25,0.7323443,0.73487103,0.1546952
26,0.73288065,0.725259,0.15047012
27,0.72340816,0.7350085,0.15888943
28,0.72950053,0.7342839,0.15720955
29,0.7212462,0.73358256,0.156281
30,0.710897,0.7345759,0.15703239
31,0.72124285,0.7348409,0.15830572
32,0.70650494,0.72988886,0.1546405
33,0.70941854,0.7327328,0.1588351
34,0.7099277,0.7369834,0.16260456
35,0.69126827,0.7314774,0.15838395
36,0.69659954,0.7341069,0.15583718
37,0.6932545,0.73672014,0.16305386
38,0.69231874,0.7407071,0.16217689
39,0.7016646,0.73754966,0.16713129
40,0.6903058,0.73745704,0.16191624
41,0.69286555,0.74044967,0.16107513
42,0.68986213,0.73761445,0.16165902
43,0.687053,0.7417814,0.16521434
44,0.68455243,0.7355281,0.16735266
45,0.6810064,0.7393727,0.16908304
46,0.6777789,0.73770195,0.16105542
47,0.685423,0.7433196,0.16509837
48,0.6767533,0.7391574,0.16565242
49,0.675818,0.7457735,0.17162383
50,0.6752615,0.7425261,0.16595425
51,0.66781586,0.7322935,0.16039051
52,0.68142253,0.7415453,0.17176214
53,0.66900194,0.7383342,0.16361381
54,0.66838485,0.7422753,0.16951971
55,0.6676908,0.741665,0.16577788
56,0.67096996,0.74680364,0.17201711
57,0.65687305,0.7434318,0.17205273
58,0.6607832,0.7426289,0.17031915
59,0.6489426,0.7470249,0.16726793
60,0.6636184,0.7405961,0.1653223
61,0.6522111,0.74665666,0.17072086
62,0.66448724,0.7411904,0.16949996
63,0.6529296,0.7454003,0.17342365
64,0.6635375,0.74397457,0.17103699
65,0.6485226,0.74778897,0.1746542
66,0.6589494,0.74534684,0.16965048
67,0.64500207,0.7490717,0.1734377
68,0.64813733,0.7459759,0.17409387
69,0.6587494,0.75179565,0.17781334
70,0.6493095,0.7492702,0.17631447
71,0.65709084,0.74600714,0.17486636
72,0.641953,0.74991554,0.17481568
73,0.64854807,0.7473569,0.17605937
74,0.6550227,0.74814165,0.17118433
75,0.6443391,0.7459048,0.1691256
76,0.6390752,0.7496912,0.17607239
77,0.642895,0.7490347,0.17560013
78,0.64187425,0.74901235,0.17722584
79,0.64351773,0.74772143,0.1685021
80,0.64567864,0.7513124,0.17024407
81,0.64217865,0.7451942,0.17290904
82,0.6322047,0.7482857,0.17256595
83,0.6351287,0.7497577,0.17398703
84,0.6350218,0.7483361,0.17512928
85,0.6300468,0.7483288,0.17933229
86,0.6340611,0.7490065,0.18191995
87,0.6329795,0.74966925,0.18545942
88,0.6339875,0.7486882,0.17562512
89,0.6319524,0.74834836,0.18411086
90,0.63270116,0.7514913,0.17943761
91,0.6373843,0.7521104,0.18278116
92,0.6317273,0.74708414,0.17316116
93,0.6344641,0.75172347,0.18078771
94,0.6218383,0.75093323,0.18038686
95,0.63594633,0.7493359,0.18188576
96,0.6250514,0.7491979,0.17883526
97,0.6333218,0.7503872,0.1772253
98,0.62676597,0.7510429,0.17963314
99,0.62964237,0.7508773,0.17746441
100,0.6249437,0.7509524,0.17335865
0,1.3446953,0.45457712,0.024217285
1,1.0031598,0.50380033,0.04219176
2,0.91801906,0.73176897,0.15717664
3,0.8602645,0.76698005,0.18819797
4,0.8034863,0.76644874,0.20649469
0,1.2995485,0.45482573,0.024168188
1,0.9652361,0.48968315,0.036162727
2,0.86915135,0.68551564,0.12046696
3,0.808724,0.77671653,0.20027019
4,0.7773867,0.72890407,0.18512163
5,0.72821647,0.77483016,0.21071053
6,0.7033255,0.7691099,0.20457734
7,0.6876912,0.7346724,0.18947527
8,0.6689429,0.7915942,0.23597614
9,0.65193105,0.7908279,0.245192
10,0.64202726,0.79395485,0.23534335
11,0.6217204,0.8047468,0.25291443
12,0.6148419,0.80181164,0.24190928
13,0.60627955,0.8018176,0.23976597
14,0.5920867,0.8097843,0.26281428
15,0.5940105,0.81009495,0.26647276
16,0.5861135,0.7682996,0.21918814
17,0.56559837,0.8236057,0.29164082
18,0.5656448,0.82416564,0.2842684
19,0.55554694,0.79821336,0.2690969
20,0.54810333,0.8188284,0.28580993
21,0.5421712,0.82690763,0.2876755
22,0.54200536,0.80379087,0.25803795
23,0.53287053,0.81445426,0.2852019
24,0.5384544,0.82362086,0.29384422
25,0.52145684,0.8030812,0.2732959
26,0.51666534,0.8192163,0.2894219
27,0.5181556,0.81544137,0.29734546
28,0.5122197,0.8247528,0.3013403
29,0.49932912,0.82613,0.30851263
30,0.5019956,0.825003,0.27913278
31,0.50142246,0.82738787,0.3086597
32,0.4973005,0.82702076,0.30452064
33,0.4945854,0.80645704,0.27587414
34,0.48696828,0.79801786,0.27478135
35,0.48876783,0.83324933,0.30658337
36,0.48210093,0.8310091,0.3179818
37,0.48303193,0.8208084,0.31302804
38,0.47655293,0.8339168,0.31366032
39,0.47247928,0.8347147,0.32352266
40,0.47424465,0.8164112,0.2986976
41,0.4763212,0.83495754,0.3224499
42,0.46372828,0.8368186,0.30491015
43,0.47142994,0.8300041,0.3341656
44,0.46458897,0.83651286,0.33035415
45,0.461929,0.83120006,0.31988895
46,0.46622154,0.83414924,0.32320362
47,0.45944065,0.8376999,0.33325085
48,0.4500807,0.84002715,0.328557
49,0.44902384,0.84033906,0.33303466
50,0.44990596,0.8279961,0.32776183
51,0.45189872,0.83665013,0.3390778
52,0.44867936,0.8401118,0.32179883
53,0.4455766,0.83974826,0.3331617
54,0.44416195,0.8371148,0.3399209
55,0.44263726,0.8372289,0.34042993
56,0.43841413,0.84123313,0.3484398
57,0.4401002,0.8390415,0.34588262
58,0.43403998,0.8373023,0.33636582
59,0.43379697,0.8365634,0.33508366
60,0.43662423,0.8392115,0.34228447
61,0.42805687,0.8463236,0.34841743
62,0.42507482,0.84442544,0.34885925
63,0.43413952,0.8347644,0.35120806
64,0.428412,0.83998215,0.3545511
65,0.43226537,0.8455784,0.34165454
66,0.41976446,0.83699256,0.33824763
67,0.42565265,0.848195,0.35310528
68,0.4136448,0.8429643,0.33550188
69,0.41681874,0.8457236,0.35369325
70,0.41995165,0.8480045,0.35067123
71,0.4183508,0.8471126,0.34964857
72,0.42301586,0.8437419,0.32747427
73,0.4165424,0.82975733,0.33566457
74,0.4185283,0.83413655,0.34235603
75,0.41467202,0.84732616,0.36565596
76,0.4123434,0.83463925,0.35938764
77,0.41136503,0.8512314,0.3514625
78,0.4100044,0.85016406,0.36613643
79,0.40719473,0.8474149,0.36035198
80,0.39757717,0.8485505,0.35639468
81,0.4176339,0.8428024,0.35080197
82,0.40061992,0.849476,0.37295988
83,0.40430754,0.8501771,0.361664
84,0.40028578,0.84764,0.35540634
85,0.4012107,0.846675,0.35810772
86,0.40637484,0.8394015,0.3592727
87,0.40151393,0.8459363,0.35658902
88,0.40453944,0.8491364,0.35273945
89,0.39940217,0.85030365,0.3652146
90,0.40278658,0.84070235,0.3363016
91,0.40095216,0.8477229,0.38131332
92,0.40415418,0.85107934,0.37027845
93,0.3895302,0.85243505,0.36824903
94,0.3925444,0.8480842,0.36759865
95,0.3931215,0.8518052,0.35461825
96,0.38928074,0.84954894,0.36586377
97,0.39073774,0.8458045,0.35871112
98,0.390063,0.8481497,0.36586794
99,0.39191988,0.8536654,0.38800648
100,0.38402084,0.84508735,0.3528373
101,0.3889127,0.84967023,0.37250432
102,0.38502672,0.8486973,0.36381906
103,0.38800982,0.85011053,0.36126447
104,0.38688087,0.84719974,0.38040245
105,0.3887747,0.8430668,0.35904008
106,0.38461798,0.8461926,0.3629678
107,0.3848777,0.84642744,0.35538045
108,0.38456655,0.84326065,0.37603003
109,0.38847423,0.84867287,0.36182582
0,0.9325748,0.49069422,0.03602981
0,0.98189104,0.4661276,0.02805072
1,0.6884033,0.68174833,0.10956405
2,0.5775132,0.8105306,0.21083695
3,0.5224259,0.82255846,0.25460598
4,0.46715367,0.83114624,0.27742323
5,0.45282832,0.824005,0.25631717
6,0.41093025,0.7754653,0.26401272
7,0.3947669,0.84946615,0.27621886
8,0.37742487,0.8553854,0.34541997
9,0.36211887,0.86628973,0.34553134
10,0.33956197,0.8743644,0.35230538
11,0.33489656,0.8701895,0.34835857
12,0.3258814,0.8721718,0.38084847
13,0.30625787,0.8771159,0.34617296
14,0.30163458,0.8634308,0.37054825
15,0.2937458,0.887806,0.39409122
16,0.2961511,0.9007913,0.4168874
17,0.28152916,0.900369,0.41638076
18,0.27762532,0.8993248,0.4212207
19,0.2723662,0.86343616,0.38855544
20,0.28456888,0.82032305,0.31932238
21,0.27843368,0.84393436,0.36002308
22,0.262258,0.8880942,0.41826445
23,0.2511473,0.89776284,0.4054664
24,0.23938277,0.8907538,0.42735198
25,0.23621236,0.9159164,0.4576877
26,0.24053374,0.90654725,0.47063592
27,0.22553559,0.9141317,0.49738362
28,0.22485223,0.90987647,0.47467884
29,0.22270997,0.9122999,0.46807477
30,0.22301891,0.91379094,0.49009788
31,0.2118296,0.9130281,0.4820833
32,0.20903671,0.9110344,0.46593645
33,0.21707319,0.9130265,0.4671959
34,0.21245162,0.9054108,0.49814442
35,0.20346993,0.89810205,0.45261267
36,0.20233406,0.9190739,0.51125455
37,0.19687158,0.92067564,0.49909157
38,0.18985383,0.83607584,0.40115646
39,0.19392407,0.9241628,0.5430247
40,0.1907913,0.91497666,0.50797194
41,0.1861271,0.9286373,0.55223614
42,0.18040568,0.92692536,0.5111546
43,0.17650877,0.930037,0.53760695
44,0.17995991,0.92865753,0.5523727
45,0.1810148,0.93022126,0.54309565
46,0.17505531,0.9260757,0.537806
47,0.18530686,0.9218114,0.5294387
48,0.17154716,0.9275252,0.54932487
49,0.1722855,0.9275665,0.5486376
50,0.17727263,0.9244711,0.5497619
51,0.16854067,0.9262239,0.5457434
52,0.16683964,0.9240144,0.53749
53,0.1644031,0.89710927,0.46830288
54,0.17234793,0.9299693,0.54585177
55,0.1650694,0.9332908,0.559875
56,0.16075507,0.92956406,0.5630207
57,0.1590162,0.9302594,0.5548919
58,0.1562554,0.9259368,0.5266098
59,0.15686461,0.9287881,0.5678485
60,0.15561156,0.93061423,0.55744183
61,0.15737696,0.93705887,0.5698038
62,0.15521467,0.9352302,0.59577554
63,0.15546387,0.9339949,0.57609594
64,0.14563306,0.93588996,0.5684914
65,0.14977162,0.9313371,0.5609346
66,0.15076484,0.93760324,0.5845723
67,0.14783144,0.93956923,0.5990257
68,0.1423542,0.93447256,0.56954014
69,0.14907041,0.93694705,0.59698814
70,0.1421352,0.93748295,0.5999965
71,0.14175586,0.9279475,0.5405955
72,0.14350921,0.93242115,0.5656416
73,0.13645644,0.9308159,0.57013774
74,0.13496043,0.9346907,0.5936953
75,0.13540933,0.9396053,0.59876305
76,0.13198096,0.9372362,0.5910759
77,0.13961594,0.9322232,0.56825566
78,0.13032186,0.9381524,0.600842
79,0.13348126,0.94127214,0.6192013
80,0.13396487,0.940901,0.62276053
81,0.1299696,0.91825855,0.5477434
82,0.12853108,0.9410483,0.61741173
83,0.12969615,0.9373488,0.5808314
84,0.1270104,0.9418008,0.61988807
85,0.12791431,0.93298537,0.5939695
86,0.12877221,0.93820304,0.5943475
87,0.12689328,0.920871,0.53110003
88,0.13036546,0.9368836,0.6147196
89,0.12418005,0.9300395,0.5622229
90,0.12039575,0.940962,0.5997802
91,0.12784609,0.93684113,0.5888741
92,0.11938144,0.94096047,0.6007718
93,0.11856563,0.94190216,0.6307408
94,0.12050074,0.9411901,0.63258797
95,0.121197104,0.94454587,0.610359
96,0.11638458,0.9395782,0.6191123
97,0.11342296,0.93799436,0.6161443
98,0.11616465,0.93739575,0.5894143
99,0.12258836,0.9358422,0.5714264
100,0.11988075,0.9401009,0.61741394
101,0.11924317,0.9378211,0.6159187
102,0.11436347,0.9405373,0.6223111
103,0.11218839,0.9426722,0.62565
104,0.11143795,0.9403334,0.59720767
105,0.11201815,0.94149774,0.61568326
106,0.111525826,0.9435726,0.6276784
107,0.108425945,0.94127715,0.60759294
108,0.10806553,0.93637574,0.5971095
109,0.11787941,0.94164854,0.62193257
110,0.10885964,0.9418527,0.6148446
111,0.10655553,0.9434733,0.61127555
112,0.10728828,0.9436115,0.649736
113,0.10691844,0.944542,0.6307456
114,0.1073187,0.9435582,0.61459506
115,0.110653356,0.94083446,0.5931187
116,0.107327506,0.94439137,0.64082575
117,0.10601152,0.94456303,0.6302734
118,0.10301924,0.94202924,0.6263494
119,0.10520753,0.9412297,0.6281262
120,0.10441598,0.9435703,0.6302257
121,0.10298325,0.94237816,0.6370372
122,0.10236839,0.9420231,0.6254921
123,0.105506875,0.9394053,0.6160077
124,0.1041985,0.9342515,0.59808517
125,0.10455648,0.9441313,0.62365705
126,0.10255789,0.94109267,0.6174545
127,0.101103745,0.9458819,0.62840354
128,0.10123237,0.9061184,0.52431685
129,0.108078435,0.9428025,0.61690664
130,0.100768514,0.9452052,0.64089453
131,0.09890983,0.9452769,0.6165106
132,0.097493745,0.9425312,0.6394913
133,0.09683523,0.94630504,0.6384925
134,0.09524184,0.94446033,0.6395507
135,0.09735161,0.94406563,0.63070333
136,0.09571879,0.94238245,0.62060827
137,0.09353841,0.93162835,0.60212535
138,0.09764763,0.9432189,0.62881464
139,0.09334257,0.9436627,0.62449723
140,0.09965111,0.94324976,0.6257335
141,0.09444589,0.9409927,0.6291202
142,0.10138152,0.9424206,0.60019726
143,0.09719688,0.9455546,0.6341635
144,0.09290239,0.9438934,0.63264716
145,0.09426694,0.94518995,0.6453828
146,0.0911418,0.94413096,0.63236696
147,0.093246214,0.94485426,0.61834013
148,0.09243411,0.9428802,0.62415725
149,0.0898348,0.941692,0.636603
150,0.09365224,0.9424309,0.64014333
151,0.09250001,0.9408904,0.6134087
152,0.09185987,0.94144034,0.6019663
153,0.09281812,0.94329387,0.61926347
154,0.0896213,0.94287467,0.6298733
155,0.08921983,0.9403513,0.6134598
156,0.09276524,0.9443051,0.6353189
157,0.08936522,0.94651693,0.6380253
158,0.088420436,0.94606185,0.63049
159,0.08596388,0.9429814,0.632953
160,0.08805276,0.94431233,0.6302202
161,0.09062133,0.94415116,0.6214093
162,0.08752933,0.94503295,0.6250828
163,0.084867895,0.9433915,0.6342326
164,0.0880874,0.94524604,0.6519397
165,0.08678527,0.9426978,0.636421
166,0.08621686,0.9447985,0.6279378
167,0.088276036,0.92939407,0.597239
168,0.08769675,0.9445284,0.62229216
169,0.08765981,0.93239003,0.58809835
170,0.095340945,0.946499,0.63960475
171,0.08709247,0.947136,0.6397515
172,0.08334053,0.9444655,0.63820165
173,0.08763646,0.9431873,0.6460021
174,0.08317863,0.9448417,0.6363944
175,0.08298364,0.94667435,0.64049673
176,0.08249794,0.9457134,0.6081894
177,0.08720079,0.9437777,0.61495906
178,0.08387114,0.94759923,0.6216137
179,0.08247367,0.9459259,0.6339734
180,0.08062871,0.9482445,0.65975684
181,0.0841264,0.9474846,0.64099395
182,0.08132295,0.9470541,0.65568286
183,0.08230441,0.94459206,0.63376206
184,0.08330219,0.94241136,0.626377
180,0.08802657,0.9465105,0.62138754
181,0.09131599,0.9402281,0.5968584
182,0.09106305,0.93986374,0.6215817
183,0.08933912,0.94169146,0.6221281
184,0.08734912,0.94676137,0.64459413
185,0.084073,0.9442339,0.61725056
186,0.08305704,0.94518393,0.6243229
187,0.08248851,0.94339085,0.6209028
188,0.0834033,0.9461103,0.6327962
189,0.084830366,0.9396801,0.60602605
190,0.08426945,0.9403627,0.6254377
191,0.08876367,0.9430548,0.61726785
192,0.085464574,0.94473624,0.64757645
193,0.08349757,0.9436916,0.6148869
194,0.081924364,0.9400144,0.6286695
195,0.097832724,0.938525,0.59879655
196,0.08848005,0.94476193,0.6193763
197,0.08580342,0.94387513,0.6264747
198,0.08441373,0.94460136,0.63390094
199,0.0844349,0.94228446,0.6366525
200,0.08098928,0.9444437,0.6410414
201,0.08026637,0.94489956,0.62693304
202,0.081259534,0.9414423,0.6240922
203,0.091642514,0.941196,0.62832457
204,0.08780196,0.9376903,0.6126549
205,0.08383621,0.94796276,0.6381176
206,0.08400742,0.9430955,0.62306553
207,0.08519314,0.94547176,0.6405345
208,0.080599666,0.9472622,0.63530666
209,0.08051942,0.9408833,0.6216052
210,0.08048084,0.9433762,0.635415
211,0.07966699,0.9469893,0.6333847
212,0.077328,0.94625133,0.64117736
213,0.07872619,0.945061,0.64362204
214,0.0768834,0.9458012,0.65438783
215,0.07891611,0.9434732,0.62432915
216,0.07825962,0.94446033,0.6399807
217,0.076203346,0.94735605,0.64647996
218,0.07907192,0.9452607,0.6106698
219,0.07597868,0.94635427,0.6236283
220,0.07493538,0.9478462,0.6490878
221,0.07667217,0.9441835,0.6178242
222,0.07587543,0.9472921,0.64290965
223,0.07553207,0.947131,0.6355005
224,0.07620414,0.94771117,0.65364325
225,0.07536489,0.94407517,0.6202144
226,0.07543158,0.9446556,0.628491
227,0.0737638,0.94404376,0.6236726
228,0.07733078,0.94814605,0.6522645
229,0.08071508,0.9451817,0.6328749
230,0.07868325,0.9430024,0.6384573
231,0.077191174,0.9455892,0.6475401
232,0.07431962,0.94531715,0.6332274
233,0.07513282,0.94313926,0.6272052
234,0.08013965,0.9412708,0.6129395
235,0.07506378,0.9460107,0.6313501
236,0.07578088,0.9473015,0.6302101
237,0.073874235,0.9457465,0.6367624
238,0.07258259,0.94759774,0.648133
239,0.07344587,0.94329864,0.6195932
240,0.076859236,0.94397163,0.6412362
241,0.072191864,0.945119,0.6411445
242,0.07133752,0.94774145,0.65479094
243,0.07111576,0.9477551,0.6661335
244,0.06945156,0.94791466,0.65021783
245,0.07002237,0.9462189,0.64929885
246,0.07086357,0.9462182,0.6465008
247,0.068875015,0.94743526,0.6550686
248,0.069661655,0.937823,0.6296453
249,0.06983579,0.94818056,0.67161864
250,0.0699886,0.94668216,0.634833
251,0.06888472,0.94732827,0.6545207
252,0.06960672,0.947664,0.644039
253,0.069333255,0.9492301,0.6458236
254,0.06876822,0.94690156,0.6548121
255,0.06914259,0.9467822,0.64620686
256,0.06851417,0.946971,0.6314573
257,0.06902878,0.94622624,0.6277151
258,0.068678014,0.94811547,0.64496344
259,0.06827599,0.94642544,0.63301456
260,0.06876255,0.9474178,0.6404028
261,0.068993546,0.9463196,0.64364636
262,0.067240775,0.94758147,0.63736546
263,0.067356415,0.9456507,0.6401374
264,0.068395756,0.9447012,0.6337106
265,0.06816372,0.9388071,0.61601233
266,0.06693089,0.94808155,0.648205
267,0.06763674,0.9434451,0.6126574
268,0.06700491,0.94713604,0.6330014
269,0.067657374,0.9480414,0.63562965
270,0.068765305,0.9454005,0.62670124
271,0.06817885,0.9476091,0.66023636
272,0.06699415,0.9466209,0.64800423
273,0.066465266,0.94814366,0.64811933
274,0.065953426,0.94607186,0.62679094
275,0.067004554,0.94685674,0.64916414
276,0.06884384,0.9465244,0.6268539
277,0.0677359,0.9451963,0.6437778
278,0.06835534,0.9481417,0.6443354
279,0.065814435,0.9471868,0.64447826
280,0.06660528,0.9454315,0.6219349
281,0.06627469,0.94666845,0.63205343
282,0.067911364,0.9467455,0.64751697
283,0.06673536,0.9474937,0.6534749
284,0.06709195,0.94589996,0.6454551
285,0.06531751,0.9462919,0.635811
286,0.06559455,0.9470125,0.6296719
287,0.064987205,0.94733894,0.6321327
288,0.06445858,0.9489443,0.647255
289,0.066321045,0.94686645,0.6498101
290,0.06455936,0.9477913,0.63336813
291,0.06572542,0.9473339,0.65471286
292,0.06468534,0.94756263,0.6399461
293,0.0634372,0.94683677,0.64657325
294,0.06311172,0.9476286,0.6450544
295,0.064432435,0.94914836,0.6553991
296,0.06395095,0.94807905,0.6588571
297,0.063191965,0.94869995,0.6348498
298,0.06517191,0.9416037,0.6248013
299,0.06534482,0.94659406,0.65688527
300,0.05796743,0.9447762,0.6700498
301,0.05724474,0.9476433,0.6675905
302,0.055714343,0.9489401,0.6913825
303,0.05658455,0.9467238,0.6885048
304,0.056195315,0.9510095,0.68490094
305,0.05588545,0.9488307,0.70309556
306,0.05612991,0.949664,0.6964579
307,0.055144265,0.95055366,0.7049578
308,0.05507012,0.9508034,0.69340825
309,0.056155633,0.9495709,0.673933
310,0.055147592,0.9466312,0.68580407
311,0.054818742,0.949164,0.6980301
312,0.055661608,0.9507148,0.6773919
313,0.054943167,0.9495594,0.6908811
314,0.055017564,0.9487223,0.69302446
315,0.054786135,0.9467526,0.6672607
316,0.054811064,0.9479115,0.6705152
317,0.05468518,0.9497638,0.6608256
318,0.054457977,0.94900703,0.6933139
319,0.05553924,0.95124954,0.6585298
320,0.055096414,0.9465078,0.6581489
321,0.054793663,0.9476721,0.6685867
322,0.05433926,0.9492279,0.68706185
323,0.054636877,0.9492933,0.6764003
324,0.05504858,0.94929945,0.6746863
325,0.05373133,0.94983965,0.67490894
326,0.05390945,0.9482967,0.6762842
327,0.053770203,0.9468084,0.6702109
328,0.053719737,0.9482529,0.6584187
329,0.053531606,0.9491875,0.67325723
330,0.05347537,0.9492314,0.68493056
331,0.054231398,0.94752437,0.688198
332,0.05391486,0.9480991,0.6955149
333,0.054119904,0.9494033,0.6809942
334,0.05304764,0.9507082,0.68234706
0,0.90408885,0.44929084,0.026093611
1,0.6315849,0.53219056,0.08916037
2,0.5427253,0.6621405,0.15505403
3,0.48373455,0.8039835,0.24351028
4,0.4467729,0.8234024,0.28709996
5,0.3977756,0.743154,0.24474806
6,0.40082833,0.82590395,0.33200523
0,0.9026837,0.4552329,0.022932945
1,0.62191194,0.44078445,0.024174698
2,0.5418444,0.45930344,0.05849789
3,0.48636237,0.3823451,0.067425124
4,0.45602188,0.6751901,0.14217046
5,0.4271961,0.7785361,0.21938294
0,0.91870695,0.4632835,0.023308722
1,0.6481732,0.60171324,0.06970818
2,0.56206495,0.7733842,0.18628813
3,0.49106288,0.79404974,0.23112479
4,0.45132563,0.8375119,0.31570712
5,0.42006016,0.80313665,0.2791182
6,0.39388728,0.8186878,0.28554785
7,0.37271762,0.8125217,0.275118
8,0.3606993,0.8647296,0.3750728
9,0.33516538,0.8258071,0.29304048
10,0.32445034,0.876234,0.38319942
11,0.31791776,0.86438113,0.37001973
12,0.3328544,0.874622,0.3894303
13,0.28558004,0.88963395,0.436148
14,0.28479695,0.87123626,0.3753811
15,0.29000565,0.8810566,0.40545487
16,0.27827096,0.88550586,0.42039308
17,0.2588128,0.88566923,0.42525017
18,0.25481653,0.86807644,0.39204663
19,0.25439543,0.89391565,0.45786586
20,0.24618493,0.88917863,0.43063787
21,0.23730114,0.8837748,0.46275097
22,0.23840608,0.90032375,0.46101546
23,0.23558488,0.90204734,0.46800908
24,0.22623165,0.8816653,0.44169015
25,0.21405958,0.9059638,0.5147083
26,0.21615833,0.9083684,0.50171614
27,0.20887661,0.9201032,0.5262497
28,0.2219392,0.7833736,0.2771127
29,0.2168721,0.91575253,0.5297106
30,0.20285276,0.90668434,0.5002463
31,0.2014785,0.8913613,0.50986487
32,0.19533479,0.91364485,0.53233504
33,0.19575971,0.89598954,0.45786458
30,0.2043002,0.92430794,0.5361145
31,0.1962235,0.89609706,0.47310045
32,0.20138416,0.9264356,0.56764257
33,0.18597397,0.92628694,0.55378413
34,0.18228124,0.89827514,0.49762693
35,0.18061812,0.9246617,0.5516441
36,0.1753655,0.9144844,0.5650276
37,0.17349094,0.9206966,0.55277836
38,0.17037801,0.9156354,0.53242975
39,0.16954793,0.9070091,0.52649707
40,0.1712747,0.93002576,0.58058864
41,0.16598985,0.8569838,0.47349647
42,0.16795175,0.91418815,0.51544917
43,0.16506615,0.90314764,0.5109969
44,0.15600489,0.92697704,0.57257515
45,0.1595669,0.9149874,0.5373891
46,0.15901658,0.91869766,0.5745212
47,0.1533109,0.9268051,0.60009426
48,0.15123776,0.9333031,0.6050937
49,0.15365379,0.93389374,0.6063546
50,0.14599125,0.9347787,0.62820345
51,0.15163185,0.9304251,0.6051942
52,0.14748025,0.93119323,0.5911532
53,0.14453495,0.93005395,0.6083867
54,0.14157894,0.93151593,0.60837656
55,0.14238755,0.93157023,0.5996484
56,0.14294456,0.9367097,0.6149538
57,0.13830562,0.8801658,0.51333773
58,0.1416415,0.9242661,0.56546634
59,0.14967003,0.84861726,0.4213518
60,0.1468849,0.93411624,0.60051316
61,0.13458095,0.932653,0.61947906
62,0.1308612,0.9383499,0.6255353
63,0.13759582,0.9171151,0.5614852
64,0.13645495,0.93344873,0.608477
65,0.1246706,0.93800664,0.63409764
66,0.12848233,0.9311589,0.58617425
67,0.12954551,0.9346395,0.61938107
68,0.12502067,0.9384952,0.6309463
69,0.12738028,0.9377213,0.64776003
70,0.12682258,0.9304099,0.62029076
71,0.12279222,0.9391777,0.6186718
72,0.121157095,0.93599737,0.61860174
73,0.12236326,0.9406553,0.6393471
74,0.11986149,0.93987876,0.64890546
75,0.12088131,0.9392662,0.61623484
76,0.12098947,0.92172796,0.5759334
77,0.11924461,0.9416424,0.6293838
78,0.11597327,0.93929994,0.64338374
79,0.12141282,0.9354016,0.63630956
80,0.1171413,0.9413573,0.62994367
81,0.11541299,0.93731195,0.6356341
82,0.11841387,0.7556655,0.3594299
83,0.12595092,0.92554146,0.59822094
80,0.11363972,0.9420237,0.66731364
81,0.10873669,0.9389039,0.64430374
82,0.11018675,0.943289,0.64962703
83,0.10698515,0.94291407,0.66538686
84,0.106056646,0.9419249,0.6525214
85,0.10428875,0.9459733,0.65757126
86,0.10407614,0.9425591,0.67954516
87,0.1057797,0.9437212,0.64679676
88,0.104292445,0.9451831,0.6624649
89,0.10426318,0.9459354,0.66709924
90,0.10350007,0.9431579,0.65178424
91,0.103500225,0.9445988,0.6411382
92,0.102636635,0.9441937,0.6543267
93,0.09972285,0.944035,0.6652671
94,0.10003646,0.94451743,0.6474243
95,0.10082552,0.9394563,0.65504545
96,0.10008279,0.943759,0.64917606
97,0.100004785,0.9444377,0.6437589
98,0.09926323,0.9445623,0.64012706
99,0.09729831,0.94519585,0.6341527
100,0.100215465,0.9428995,0.65212774
101,0.09798188,0.94522744,0.66968644
102,0.09717199,0.945538,0.6720212
103,0.09635976,0.9424589,0.6407627
104,0.09689884,0.94314444,0.6499167
105,0.09603447,0.94474727,0.6695064
106,0.095866,0.94417053,0.66074985
107,0.09701728,0.9446528,0.6553348
108,0.095285654,0.94680125,0.66169524
109,0.09676954,0.9430884,0.66694814
110,0.094972536,0.9464719,0.6656246
111,0.096061885,0.944141,0.6615151
112,0.094541594,0.94266087,0.6462091
113,0.093775846,0.9437339,0.66157687
114,0.09410667,0.9439472,0.68197984
115,0.09472003,0.94748676,0.6487039
116,0.09342721,0.9459536,0.6749575
117,0.09491332,0.94278985,0.66200984
118,0.09403202,0.94380176,0.66481125
119,0.09179767,0.94220215,0.64067584
120,0.093005896,0.9433803,0.65962446
121,0.09234805,0.9435848,0.6814785
122,0.09267743,0.94320947,0.6602854
123,0.092231005,0.94431317,0.67136514
124,0.092012666,0.9420405,0.64480513
125,0.09296578,0.9435408,0.661569
126,0.09124183,0.9438811,0.6712016
127,0.08970927,0.9470881,0.66874593
128,0.091009885,0.9459987,0.6528505
129,0.09121998,0.9410635,0.659528
130,0.09047693,0.94652706,0.64951485
131,0.09063533,0.94391316,0.6372456
132,0.089211024,0.94219255,0.66226286
133,0.09142741,0.94552845,0.667967
134,0.090134285,0.94321686,0.6492568
135,0.09081303,0.94341534,0.66963375
136,0.09085716,0.9428406,0.6523772
137,0.09035336,0.94435954,0.67032355
138,0.08826637,0.9458145,0.65632683
139,0.08883129,0.9443088,0.6711131
140,0.08918988,0.9452621,0.6755577
141,0.08848676,0.94569296,0.66965836
142,0.088522814,0.94542915,0.6643519
143,0.08798712,0.9493504,0.6608532
144,0.08808753,0.94657505,0.6607898
145,0.08685573,0.9420399,0.66197807
146,0.08787883,0.94613594,0.67296445
147,0.0870043,0.94427663,0.6710115
148,0.08866735,0.94559586,0.68038267
149,0.08713066,0.9446696,0.66561955
150,0.086587235,0.9447705,0.67155325
151,0.08618064,0.9445777,0.6716116
152,0.08674345,0.9451492,0.66393536
153,0.087021515,0.94428056,0.6811106
154,0.08610794,0.9433013,0.6589292
155,0.08557768,0.9459229,0.6677792
156,0.08601199,0.9462069,0.67506164
157,0.0849147,0.940818,0.6739812
158,0.08550632,0.9442794,0.6321463
159,0.086355425,0.94434303,0.65701884
160,0.08590719,0.94451666,0.68347096
161,0.08465629,0.9450452,0.66472095
162,0.08427493,0.94545925,0.67173
163,0.08583619,0.94672817,0.6669003
164,0.08631566,0.9464932,0.6532795
165,0.08516698,0.9434591,0.6610836
166,0.08459448,0.9439468,0.66230494
167,0.083676666,0.94612795,0.6840454
168,0.086342916,0.94247943,0.6734861
169,0.08562864,0.9397564,0.65250635
170,0.08420179,0.94742405,0.66531837
171,0.08334065,0.94808304,0.6594921
172,0.08379744,0.9441825,0.6643275
173,0.08384098,0.94229347,0.6513318
174,0.08411649,0.94649756,0.66974324
175,0.08303415,0.94431955,0.6653529
176,0.08433249,0.94592357,0.66304576
177,0.084466234,0.94631845,0.6608377
178,0.083793916,0.9432367,0.67423195
179,0.08405239,0.9435866,0.6727224
180,0.083877236,0.94512177,0.6705698
181,0.082787246,0.94557434,0.6984206
182,0.081982456,0.94723934,0.64389604
183,0.08262101,0.94439536,0.67908585
184,0.08240283,0.943831,0.67572355
185,0.082666844,0.9455314,0.6682447
186,0.082422145,0.9444521,0.6561243
187,0.08244636,0.9431979,0.6539837
188,0.08310468,0.9460492,0.6752072
189,0.08167027,0.9424407,0.659428
190,0.08290459,0.94394463,0.6677278
191,0.081351236,0.94570655,0.66548264
192,0.08143558,0.94458836,0.6585411
193,0.08134485,0.94605345,0.66194814
194,0.08101032,0.94324666,0.6616277
195,0.08117918,0.944589,0.6769007
196,0.08163641,0.9424945,0.6594334
197,0.08128753,0.943961,0.6635365
198,0.081683084,0.9442031,0.68142325
199,0.0815623,0.9446089,0.6561924
200,0.08059256,0.9453762,0.66761047
201,0.0800817,0.94331366,0.6463818
202,0.080434486,0.9439831,0.65076
203,0.08124792,0.94487816,0.656107
204,0.07987497,0.9452824,0.63839316
205,0.07905068,0.9470657,0.6743786
206,0.079737775,0.94494706,0.67182565
207,0.0800156,0.9459393,0.66368765
208,0.08030788,0.9481801,0.6846818
209,0.079776764,0.94752467,0.64368826
210,0.08070043,0.9435738,0.67073643
211,0.0796883,0.9439575,0.6611528
212,0.079287656,0.9451121,0.7059405
213,0.07951145,0.945152,0.67344844
214,0.07934087,0.9429387,0.65618217
215,0.078688025,0.944735,0.66764
216,0.08014036,0.9433867,0.66642636
217,0.079475105,0.9438858,0.6935112
218,0.07976655,0.945797,0.66817856
219,0.07877482,0.9425406,0.6519268
220,0.079238854,0.9439828,0.672967
221,0.07990463,0.9448811,0.6669605
222,0.079464175,0.94541997,0.6684608
223,0.07872492,0.9469133,0.662383
224,0.07952248,0.9459582,0.6592874
225,0.0789801,0.94456774,0.6622979
226,0.07778807,0.94526225,0.6818523
227,0.07988484,0.9435961,0.6799087
228,0.07918186,0.94798714,0.6834746
229,0.07947136,0.94603163,0.68586373
230,0.07913908,0.9448451,0.671963
231,0.079011604,0.9436627,0.66588044
232,0.08246,0.94506097,0.68038243
233,0.07887514,0.94634664,0.66456705
234,0.07977204,0.9447232,0.6754873
235,0.07957388,0.9447993,0.65158737
236,0.077916496,0.9464245,0.67804664
237,0.08009165,0.94268405,0.66979915
238,0.07868735,0.9439019,0.6505365
239,0.07907563,0.9446621,0.6702602
240,0.078275315,0.94928455,0.678734
241,0.07861253,0.9449712,0.6552916
242,0.079679616,0.94846624,0.66506505
243,0.07815827,0.94513214,0.6462725
244,0.07882831,0.9484696,0.6810105
245,0.07840113,0.944146,0.67638266
246,0.07852341,0.9429575,0.6704344
247,0.078718685,0.94649005,0.67562103
248,0.07922255,0.9442324,0.6673979
249,0.07896341,0.94562465,0.6431959
250,0.07918238,0.944385,0.6896094
251,0.07819318,0.9449589,0.66496754
252,0.07902033,0.9450643,0.65475786
253,0.078594245,0.9428418,0.6778763
0,1.0157864,0.46063563,0.023930157
1,0.69485235,0.44020945,0.024180857
2,0.589981,0.6035089,0.090078875
3,0.5405386,0.64402777,0.15858634
4,0.49842212,0.7538303,0.2310875
5,0.467941,0.8060803,0.27323002
6,0.44279268,0.84006023,0.30092758
7,0.42312303,0.8207962,0.28434715
8,0.411266,0.84290797,0.30255592
9,0.39282715,0.8359981,0.31986853
10,0.37648857,0.8529066,0.351621
11,0.36927184,0.8601101,0.3411296
12,0.3623543,0.8567554,0.3226115
13,0.3586248,0.8671051,0.3854714
14,0.34312606,0.86967856,0.3742413
15,0.32406822,0.8743494,0.38986003
16,0.32538506,0.87708384,0.38679174
17,0.31287178,0.88145196,0.40484625
18,0.3153363,0.87564063,0.3913251
19,0.31135488,0.87448776,0.39167744
20,0.30785275,0.87683505,0.4005451
21,0.30406448,0.88230693,0.40721577
22,0.30276534,0.8812405,0.41381806
23,0.30206594,0.877601,0.40141135
24,0.29010314,0.88312757,0.42931607
25,0.28898495,0.88705045,0.4176663
26,0.28433952,0.8816475,0.41225344
27,0.28811526,0.8859775,0.42211375
28,0.28171855,0.8819245,0.44219217
0,0.8805867,0.5839649,0.06157099
1,0.62886,0.7255168,0.14528772
2,0.5318552,0.8177487,0.24760377
3,0.47910222,0.77258086,0.25642046
4,0.44026786,0.79506075,0.2684025
5,0.40780145,0.84482473,0.3084931
6,0.38276607,0.8280395,0.28850454
7,0.35509437,0.8585784,0.36334
8,0.35000128,0.86346567,0.37052822
9,0.32905853,0.8806231,0.4049897
10,0.31358352,0.8639592,0.36400586
11,0.30752227,0.8819258,0.4020437
12,0.28958607,0.848988,0.337757
13,0.28466928,0.8960269,0.4299962
14,0.28802675,0.83521944,0.31545812
15,0.26383457,0.8805185,0.38906655
16,0.26601464,0.87861425,0.4095202
17,0.25804013,0.87647897,0.39016998
18,0.25107795,0.8542103,0.38660252
19,0.24641575,0.8967404,0.47899756
20,0.23324473,0.8969547,0.451241
21,0.23332042,0.8929357,0.44623494
22,0.22626421,0.9044305,0.4673806
23,0.21714477,0.8879081,0.453689
24,0.21673027,0.9025811,0.4702253
25,0.21789117,0.90653723,0.4897625
26,0.20797774,0.91486365,0.5358433
27,0.20407946,0.90015024,0.49143988
28,0.20672137,0.89648175,0.5049386
29,0.19360815,0.91264206,0.5365518
30,0.19740093,0.9125248,0.51500016
31,0.1907067,0.9050556,0.48411775
32,0.19188863,0.9191973,0.538657
33,0.18043403,0.92213714,0.53296155
34,0.17941664,0.9044128,0.49565575
35,0.17970315,0.88734704,0.49816522
36,0.18047372,0.9197871,0.5642705
37,0.1783269,0.9171409,0.5319294
38,0.17037486,0.91941464,0.55028903
39,0.17820658,0.9180026,0.5418143
40,0.16720787,0.91919285,0.55310357
41,0.1647608,0.9219082,0.5713856
42,0.16593198,0.9272217,0.5833051
43,0.16310847,0.9244079,0.5543498
44,0.16045229,0.92200994,0.53071463
45,0.15955019,0.92763567,0.5656581
46,0.1603399,0.91974133,0.5614609
47,0.15559682,0.9283656,0.5560555
48,0.15458083,0.92902213,0.59637487
49,0.15119402,0.9304587,0.60605747
50,0.1521559,0.92526066,0.5979418
51,0.15204531,0.92636096,0.57329935
52,0.14571044,0.9333396,0.59529865
53,0.14521821,0.93382937,0.59197515
54,0.14956115,0.9239208,0.5820763
55,0.1433298,0.9225574,0.58493197
56,0.1420468,0.9246736,0.58208466
57,0.14327975,0.93569636,0.63325703
58,0.13733661,0.93186086,0.5972161
59,0.14019448,0.9267257,0.5843794
60,0.14005813,0.8933421,0.554926
61,0.13360779,0.93597955,0.6122298
62,0.13455075,0.929303,0.5995366
63,0.13489394,0.93202376,0.60303843
64,0.13434806,0.93202806,0.60744154
65,0.13459864,0.9378916,0.63247544
66,0.1298766,0.9384958,0.60089976
67,0.13263959,0.9146797,0.54260594
68,0.13236837,0.93495905,0.60829633
69,0.12912166,0.93471503,0.6194777
70,0.12879252,0.92937505,0.60009605
71,0.12846494,0.93451846,0.5922655
72,0.13165231,0.93312085,0.6130574
73,0.12491329,0.9289993,0.59522086
74,0.12602846,0.9374114,0.63057524
75,0.12285018,0.9402834,0.63347137
76,0.12179801,0.9324642,0.6228167
77,0.12510137,0.9379313,0.6253532
78,0.1209672,0.9332013,0.63849396
79,0.118691,0.9315819,0.6072676
80,0.11857469,0.93496495,0.618542
81,0.11706172,0.9405646,0.6060203
82,0.12737198,0.9314309,0.5911035
83,0.11779547,0.9388849,0.6151279
84,0.11545305,0.93530077,0.6020486
85,0.11864044,0.9346092,0.6126683
86,0.11594203,0.93781996,0.63869476
87,0.11581951,0.93985033,0.6314468
88,0.112015285,0.9351627,0.6529928
89,0.11423109,0.9407227,0.6349571
90,0.11109564,0.9398368,0.6400197
91,0.1194962,0.9356665,0.64212155
92,0.11118515,0.94122624,0.6367946
93,0.114303015,0.93284035,0.6257679
94,0.11286214,0.9431222,0.64321107
95,0.112353,0.9402733,0.6424091
96,0.10911686,0.94102883,0.62015176
97,0.109577924,0.9386744,0.65115917
98,0.10951805,0.9363029,0.6359197
99,0.108856775,0.94053733,0.6582856
100,0.11007559,0.93960553,0.642881
101,0.10922334,0.94080263,0.63817084
102,0.1065269,0.9426786,0.66620266
103,0.109073244,0.9421979,0.65347224
104,0.10605949,0.93981963,0.6190786
105,0.10361487,0.93817496,0.63735723
106,0.10486764,0.93919003,0.6319955
107,0.1039783,0.9432998,0.65825987
108,0.10348028,0.93503356,0.6396658
109,0.10614672,0.9329784,0.6383937
110,0.101130925,0.9426464,0.64513487
111,0.10397516,0.9384089,0.64943016
112,0.10344377,0.94425607,0.63736415
113,0.105785124,0.93707913,0.6305796
114,0.10320967,0.9413698,0.64057577
115,0.103728116,0.941553,0.64010465
116,0.100583054,0.93900734,0.6394355
117,0.09838059,0.9401565,0.654507
118,0.10044611,0.9436117,0.6710396
119,0.098034956,0.939436,0.6419617
120,0.096582755,0.9443468,0.66070163
121,0.097614445,0.9431607,0.65539384
122,0.09789749,0.9446959,0.65581006
123,0.09776204,0.9386558,0.6376128
0,0.91209465,0.7653377,0.19354033
1,0.62368095,0.7859316,0.2229531
2,0.52757895,0.8102439,0.27403796
3,0.473017,0.8451925,0.2957153
4,0.42224035,0.8393616,0.31366977
5,0.39955574,0.8580942,0.33933765
6,0.37429327,0.87636024,0.3793232
7,0.3565094,0.87249523,0.39155638
8,0.33275822,0.8785336,0.38549682
9,0.32605165,0.8796556,0.39917555
10,0.30189773,0.850458,0.3489154
11,0.2966951,0.8949079,0.43591806
12,0.277661,0.8941722,0.43070045
13,0.27697045,0.88373667,0.42077506
14,0.27245903,0.89664626,0.46231893
15,0.26012453,0.8956675,0.46784392
16,0.25655732,0.89917827,0.45306638
17,0.25262076,0.8790597,0.45343032
18,0.24127498,0.886287,0.42803523
19,0.23601262,0.90128165,0.47838056
20,0.23282167,0.9033488,0.5003335
21,0.22215426,0.9083813,0.49069992
22,0.22586723,0.90609163,0.4969703
23,0.21758364,0.9099383,0.4974143
24,0.2178105,0.88770646,0.4565045
25,0.2148958,0.8974543,0.4959226
26,0.20851605,0.9066756,0.5070461
27,0.20645322,0.9175164,0.54384214
28,0.20041049,0.9098411,0.5202418
29,0.19383039,0.9198695,0.5114673
30,0.19199951,0.9241393,0.55501395
31,0.19139457,0.89312774,0.5085948
32,0.18897822,0.9219803,0.54421926
33,0.1873232,0.9222067,0.54798555
34,0.18562354,0.92573726,0.56234956
35,0.17621577,0.92014176,0.5479757
36,0.17575769,0.92149967,0.5480735
37,0.17893024,0.9137164,0.54156506
38,0.17729843,0.92473453,0.58326155
39,0.17276394,0.9154559,0.5521141
40,0.1704825,0.9215086,0.5707504
41,0.16783305,0.90951955,0.5321773
42,0.17165038,0.91899323,0.55590236
43,0.16758212,0.91918135,0.52962285
44,0.1617652,0.9263052,0.5936677
45,0.16251601,0.9185713,0.55340844
46,0.1602005,0.92670345,0.5913059
47,0.15816915,0.91944337,0.5725047
48,0.16027427,0.9206886,0.5824236
49,0.16424058,0.92380977,0.56809247
50,0.15582417,0.93148756,0.60478586
51,0.15267847,0.9246984,0.5761302
52,0.15473163,0.92835814,0.5980516
53,0.14925188,0.928654,0.5795276
54,0.15272878,0.92433065,0.5858784
55,0.14826424,0.93018323,0.58459204
56,0.14653069,0.9203498,0.603385
57,0.14958915,0.9303891,0.57029605
58,0.14358878,0.9302272,0.60619164
59,0.14482848,0.9250944,0.5979625
60,0.14490008,0.92568725,0.58371735
61,0.14112586,0.9266163,0.58173096
62,0.14034195,0.93013626,0.5766482
63,0.14020415,0.933753,0.6241224
64,0.13796991,0.9307636,0.59971535
65,0.13899827,0.9215025,0.57688814
66,0.13654456,0.9309258,0.61584526
67,0.13760571,0.9355974,0.60477865
68,0.13280416,0.9183894,0.56183076
69,0.13429375,0.920476,0.5824607
70,0.13052215,0.9318345,0.6215895
71,0.13147695,0.9338924,0.61725
72,0.12890299,0.93311375,0.6085778
73,0.13085438,0.91671556,0.5535949
74,0.12927349,0.9261174,0.5800322
75,0.13232811,0.9314175,0.6183002
76,0.12892598,0.9072578,0.5503769
77,0.12641075,0.93166035,0.61821884
78,0.13240239,0.93584526,0.61918837
79,0.13248233,0.93191946,0.61988056
80,0.12714837,0.92983544,0.6024552
81,0.12505235,0.9255779,0.584793
82,0.12708327,0.91521996,0.5552418
83,0.1240892,0.9311698,0.5884203
84,0.12156987,0.93403375,0.6049236
85,0.12300324,0.93196106,0.6211091
86,0.12400435,0.91818833,0.5686194
87,0.120559104,0.93742996,0.6168748
88,0.12137595,0.93473864,0.6108398
89,0.11813275,0.9363676,0.6211176
90,0.120212466,0.9344008,0.6372181
91,0.12016497,0.9340519,0.6230436
92,0.121081926,0.933439,0.62143725
93,0.12232754,0.92645234,0.57732075
94,0.12041461,0.93776435,0.63761777
95,0.11665415,0.93483317,0.62050545
96,0.11835685,0.91133255,0.55119586
97,0.118664466,0.93442553,0.6286113
98,0.11624328,0.93735284,0.63380665
99,0.116224326,0.9348421,0.60628515
100,0.113722935,0.9349772,0.6294035
101,0.11411259,0.9275624,0.60115063
102,0.112863004,0.9366589,0.6154991
103,0.11273023,0.9372045,0.6139252
104,0.11274849,0.9401257,0.63328826
105,0.11094661,0.9298527,0.6122563
106,0.11144462,0.9348765,0.61024594
107,0.11045558,0.93917745,0.65042526
108,0.11291453,0.9353414,0.6131448
109,0.114967346,0.93387276,0.6045239
110,0.10868953,0.93764925,0.62723416
111,0.1089921,0.94018656,0.6558767
112,0.11072536,0.9345969,0.61562836
113,0.10980527,0.92140645,0.5820936
114,0.1092375,0.9364023,0.60940534
115,0.10832316,0.9398565,0.6284644
116,0.1065822,0.935647,0.6043482
117,0.110306695,0.93759316,0.628808
118,0.106413946,0.9354535,0.6403697
119,0.11031763,0.9346831,0.59716326
120,0.10702296,0.9382794,0.6304739
121,0.10510197,0.9143025,0.56132025
122,0.105494544,0.90149975,0.5521205
123,0.10620336,0.938186,0.65426564
120,0.1844249,0.9162306,0.5602254
121,0.16169621,0.922823,0.54588753
122,0.1609439,0.8375584,0.4608442
123,0.15803297,0.9232848,0.56419814
124,0.14848512,0.9023159,0.5313887
125,0.15140496,0.9296785,0.60071236
126,0.14224145,0.92695713,0.5818748
127,0.13515902,0.9307442,0.611148
128,0.134856,0.93121773,0.614739
129,0.13502781,0.9090485,0.55952895
130,0.12624153,0.9172692,0.5851329
131,0.13087906,0.9307933,0.6091538
132,0.12458699,0.9289559,0.59536123
133,0.12298273,0.9318687,0.6258316
134,0.12341742,0.9325135,0.6108989
135,0.1297713,0.93509275,0.6178007
136,0.12525651,0.9282484,0.5664253
137,0.11822038,0.93441176,0.6181864
138,0.11742182,0.9309387,0.6149165
139,0.12047934,0.93635064,0.6059923
140,0.113924064,0.9309577,0.6167447
141,0.111951664,0.9376178,0.63242894
142,0.10866531,0.93428355,0.6158183
143,0.11501561,0.9387074,0.6313803
144,0.1084406,0.93420994,0.61866117
145,0.10600876,0.939657,0.6267555
146,0.109931774,0.93149334,0.60636854
147,0.105967164,0.9252579,0.6090438
148,0.10461587,0.94148093,0.6444116
149,0.10566101,0.91805995,0.5889615
150,0.1047836,0.9299587,0.6124803
151,0.10314707,0.93717724,0.63534033
152,0.10413395,0.940733,0.65512985
153,0.10316217,0.9354449,0.6171008
154,0.10067821,0.93708915,0.64192146
155,0.101249576,0.9351724,0.60722446
156,0.10018572,0.93869466,0.6424419
157,0.10084381,0.94082016,0.6388927
158,0.09732001,0.9392289,0.6231688
159,0.103988685,0.94155735,0.6243997
160,0.10228908,0.9377559,0.6663997
161,0.09877026,0.94060886,0.640904
162,0.09528253,0.941453,0.64568937
163,0.09453578,0.94064915,0.65072966
164,0.09603037,0.92120177,0.5524291
165,0.09459437,0.93984604,0.64080054
166,0.09551965,0.91376716,0.5730497
167,0.09469861,0.94444937,0.65613055
168,0.097866245,0.93863994,0.6058537
169,0.092485145,0.9148084,0.57371294
170,0.09485127,0.9375199,0.6374259
171,0.09290859,0.9340023,0.61824226
172,0.09205895,0.94158125,0.6419676
173,0.09326127,0.91798455,0.5698965
174,0.09398628,0.9401901,0.6690213
175,0.09289534,0.93529075,0.64617693
176,0.09257464,0.93012756,0.5891381
177,0.089825355,0.9428374,0.654764
178,0.08962516,0.932104,0.61866575
179,0.09252219,0.9406818,0.62744933
180,0.09252894,0.94065994,0.6290333
181,0.09090901,0.93916774,0.6478204
182,0.090647615,0.9399613,0.631644
183,0.08966394,0.94207746,0.6455373
184,0.090221256,0.9393647,0.635361
185,0.08860527,0.93562037,0.6153803
186,0.0895277,0.9415941,0.6606918
187,0.088318594,0.9325487,0.62327945
188,0.08786139,0.93718886,0.63726664
189,0.08805123,0.938908,0.67838657
190,0.08844686,0.941314,0.6514781
191,0.08775777,0.9412953,0.6471687
192,0.08610655,0.9421626,0.6778063
193,0.0870124,0.9410533,0.6502053
194,0.08712746,0.94024706,0.6719146
195,0.08674599,0.93959576,0.673886
196,0.087090395,0.9417962,0.6717207
197,0.08753805,0.93152153,0.6101873
198,0.08678603,0.9413505,0.644336
199,0.0853993,0.94239014,0.6616144
200,0.08537615,0.90989786,0.5667872
201,0.08559419,0.9442053,0.6624938
202,0.084569216,0.9423395,0.66921335
203,0.08601505,0.9429381,0.6749895
204,0.08641201,0.93961537,0.667021
205,0.08374488,0.94544256,0.67224854
206,0.0842966,0.8893358,0.5085904
207,0.0847584,0.9419944,0.66289324
208,0.08488151,0.9413182,0.637702
209,0.083708934,0.9408866,0.6752253
210,0.08379957,0.9402708,0.63030976
211,0.08551924,0.9168204,0.5794001
212,0.0843089,0.939069,0.6402486
213,0.083377436,0.94179124,0.6590202
214,0.08175193,0.9048228,0.5517862
215,0.08293775,0.9051235,0.54365444
216,0.08236304,0.9428602,0.63117146
217,0.08300381,0.8800727,0.51327443
218,0.084278315,0.9389346,0.6446261
219,0.08164513,0.94171226,0.6574441
220,0.08166969,0.9347227,0.6085649
221,0.08244041,0.94371194,0.6482229
222,0.080206715,0.9418698,0.6314557
223,0.08182563,0.94203615,0.63191444
224,0.08104808,0.9463164,0.6598598
225,0.081265315,0.9367079,0.61648977
226,0.08087098,0.9420045,0.664905
227,0.08099031,0.9350609,0.65736866
228,0.08023912,0.94278914,0.6468363
229,0.07959008,0.94158673,0.65864074
230,0.08044747,0.9427991,0.6649096
231,0.07992209,0.9430643,0.65621644
232,0.08117519,0.9443475,0.66067713
233,0.0785935,0.93904084,0.634622
234,0.07991424,0.94265866,0.6438694
235,0.08015409,0.9407826,0.63920474
236,0.080477305,0.94365853,0.65535647
237,0.079172894,0.9424819,0.6626665
238,0.08034838,0.94362473,0.6549342
239,0.08060236,0.9415204,0.66828436
240,0.07910723,0.9439014,0.67459804
241,0.07781818,0.943208,0.6592169
242,0.07798486,0.944474,0.67115676
243,0.07954431,0.94184506,0.6705881
244,0.07945233,0.9413215,0.6337577
245,0.07719309,0.9414685,0.66656005
246,0.07958675,0.92150563,0.604347
247,0.07869213,0.9385414,0.63977414
248,0.07698294,0.9410893,0.6588004
249,0.07919057,0.9458583,0.663743
250,0.078862496,0.942786,0.65820247
251,0.07761745,0.9410525,0.64297754
252,0.078270085,0.93491495,0.6323873
253,0.07783978,0.94410634,0.6445833
254,0.07772547,0.94227946,0.6612646
255,0.0774026,0.94753635,0.6633727
256,0.07703642,0.9395991,0.62375444
257,0.07718143,0.9423722,0.65431035
258,0.07624621,0.94090533,0.64874655
259,0.07745429,0.9445655,0.6667782
260,0.07720014,0.9449292,0.6513194
261,0.07640714,0.9412983,0.6461198
262,0.077127576,0.944187,0.68582785
263,0.0779465,0.9428388,0.64376396
264,0.075967655,0.9423266,0.6691089
265,0.07799464,0.94531304,0.65571856
266,0.076368645,0.9448778,0.6748207
267,0.07593296,0.9376002,0.6496619
268,0.076336406,0.9257901,0.60836416
269,0.07504104,0.9422782,0.64802
270,0.07674056,0.94248164,0.6381304
271,0.07547071,0.9435163,0.6483468
272,0.0751415,0.9422024,0.6488289
273,0.07708085,0.93549776,0.629229
274,0.07532661,0.9439861,0.6848229
275,0.075084105,0.94592804,0.69134045
276,0.07570874,0.9439681,0.66343063
277,0.075215496,0.9409043,0.66742617
278,0.07432585,0.943717,0.64203715
279,0.07405915,0.9446464,0.6597117
280,0.07424894,0.94441044,0.68629783
281,0.07531089,0.9434165,0.67095095
282,0.07548425,0.94139844,0.65068126
283,0.07552717,0.9420003,0.6538665
284,0.07506758,0.9445486,0.6353539
285,0.07402653,0.943947,0.6495662
286,0.075503424,0.9405752,0.6270061
287,0.07571756,0.94431967,0.6485587
288,0.07622664,0.9454122,0.65755093
289,0.074095845,0.9406884,0.6281984
290,0.07433629,0.93918216,0.62916696
291,0.07416341,0.94092673,0.66690457
292,0.07470101,0.9332544,0.63596845
293,0.07354097,0.9348205,0.63585037
294,0.07321091,0.94366837,0.65385216
295,0.07390812,0.9394948,0.64574873
296,0.07520589,0.93927926,0.6270532
297,0.07396319,0.9459422,0.6630858
298,0.07417747,0.9462413,0.6596123
299,0.07423634,0.9428678,0.66616505
300,0.07262144,0.93991864,0.6430853
301,0.072821595,0.940171,0.6417492
302,0.07418385,0.94567543,0.6670137
303,0.07221238,0.94356656,0.63610023
304,0.07329859,0.9450024,0.6470365
305,0.07299333,0.94458103,0.6579466
306,0.07349876,0.9135973,0.58023095
307,0.07219918,0.934882,0.6297659
308,0.07327911,0.9438486,0.657562
309,0.07326605,0.94157827,0.65685165
310,0.072255924,0.9381843,0.64412105
311,0.07200183,0.9455653,0.67690676
312,0.0728864,0.9427215,0.66826683
313,0.07310758,0.9206465,0.58790916
314,0.07289434,0.94124675,0.67292976
315,0.07282679,0.9439474,0.6608899
316,0.07188322,0.9424596,0.648149
317,0.07232548,0.94182706,0.6421058
318,0.072266355,0.9456722,0.64892215
319,0.071954645,0.94251317,0.6483609
320,0.07309294,0.93800384,0.6256812
321,0.07251226,0.944946,0.68668973
322,0.07195937,0.9445771,0.65916866
323,0.07257374,0.9420887,0.6377431
324,0.07142066,0.93014526,0.6161597
325,0.072386704,0.94260675,0.6716386
326,0.072279476,0.9443563,0.674402
327,0.071100086,0.9447726,0.6763901
328,0.07209615,0.9413718,0.65675515
329,0.070495,0.942132,0.6586919
330,0.07278225,0.93672925,0.63025784
331,0.07118752,0.94475204,0.6659377
332,0.0707658,0.9419745,0.67128086
333,0.07088581,0.9447584,0.64990413
334,0.07109355,0.9387851,0.6496547
335,0.071405664,0.9257746,0.6063934
336,0.07088089,0.9374274,0.61763966
337,0.07124531,0.93995255,0.6484847
338,0.07157232,0.94533044,0.66647875
339,0.07194201,0.9417834,0.6461731
340,0.07154732,0.94232976,0.6513766
341,0.070616655,0.9453183,0.6602205
342,0.07137294,0.91930604,0.5859663
343,0.070508055,0.9394723,0.64824307
344,0.0711427,0.9435073,0.66427076
345,0.07170134,0.938706,0.6588046
346,0.07133878,0.9453875,0.6687864
347,0.0698384,0.9435997,0.6422585
348,0.07063221,0.8972568,0.5186997
349,0.07091093,0.9430649,0.66795677
350,0.07142708,0.9437039,0.65160507
351,0.06979632,0.9374162,0.6349357
352,0.070316486,0.9456263,0.67796695
353,0.0700889,0.9424004,0.6693034
354,0.069587186,0.93556345,0.6224161
355,0.06922276,0.9403982,0.6409067
356,0.06998652,0.9389614,0.65814894
357,0.07097593,0.94412893,0.67442864
358,0.07090205,0.885582,0.545779
359,0.069913365,0.93549675,0.64619774
360,0.07034765,0.9436004,0.6526427
361,0.069068536,0.9404499,0.65792155
362,0.06994867,0.94336075,0.6633789
363,0.069782555,0.936684,0.6322558
364,0.06931129,0.94187146,0.64805275
365,0.07075469,0.9437687,0.6752732
366,0.06913541,0.9440654,0.66265976
367,0.069625884,0.94363254,0.6602822
368,0.07019089,0.9441154,0.643084
369,0.06988063,0.9443644,0.6586469
370,0.06993446,0.9430038,0.65688723
371,0.06919283,0.94748855,0.65916365
372,0.069997475,0.9216663,0.5888215
373,0.06932523,0.9459688,0.651431
374,0.068215735,0.9414431,0.63375163
375,0.068279915,0.944383,0.644538
376,0.069409445,0.93927765,0.6425605
377,0.069076724,0.9448934,0.6757845
378,0.06960851,0.9460799,0.6684005
379,0.06883851,0.9430904,0.6673444
380,0.06976695,0.94403505,0.6801695
381,0.06919678,0.9426382,0.67267096
382,0.0688554,0.94297475,0.65940815
383,0.06835173,0.9424459,0.6702462
384,0.06899052,0.9327165,0.6304325
385,0.06973659,0.93713725,0.61157155
386,0.06974548,0.9460501,0.6699802
387,0.068798885,0.94346666,0.6834063
388,0.0692996,0.9438286,0.66379523
389,0.06816923,0.94295317,0.6508041
390,0.06869026,0.9411057,0.6523704
391,0.06900491,0.9438643,0.64698046
392,0.06900121,0.94404685,0.6788159
393,0.0693728,0.94457924,0.6627118
394,0.06881658,0.9426253,0.6605065
395,0.06891242,0.9047248,0.5441139
396,0.06800081,0.942653,0.6372739
397,0.06965194,0.9407629,0.6516194
398,0.06735406,0.933644,0.6142478
399,0.06774548,0.9437946,0.6444271
